<?xml version="1.0" encoding="utf-8"?>

<playlist>
	<item>
		<title>Test Track 1</title>
		<artist>Artist Name</artist>
		<path>song.mp3</path>
	</item>
	<item>
		<title>Test Track 2</title>
		<artist>Artist Name</artist>
		<path>song.mp3</path>
	</item>
	<item>
		<title>Test Track 3</title>
		<artist>Artist Name</artist>
		<path>song.mp3</path>
	</item>
	<item>
		<title>Test Track 4</title>
		<artist>Artist Name</artist>
		<path>song.mp3</path>
	</item>
	<item>
		<title>Test Track 5</title>
		<artist>Artist Name</artist>
		<path>song.mp3</path>
	</item>
	<item>
		<title>Test Track 6</title>
		<artist>Artist Name</artist>
		<path>song.mp3</path>
	</item>
	<item>
		<title>Test Track 7</title>
		<artist>Artist Name</artist>
		<path>song.mp3</path>
	</item>
	<item>
		<title>Test Track 8</title>
		<artist>Artist Name</artist>
		<path>song.mp3</path>
	</item>
	<item>
		<title>Test Track 9</title>
		<artist>Artist Name</artist>
		<path>song.mp3</path>
	</item>
	<item>
		<title>Test Track 10</title>
		<artist>Artist Name</artist>
		<path>song.mp3</path>
	</item>
	<item>
		<title>Test Track 11</title>
		<artist>Artist Name</artist>
		<path>song.mp3</path>
	</item>
</playlist>